model,accuracy,f1_macro,f1_weighted,roc_auc,training_time
Linear SVM,0.8857229693792265,0.8588704661669165,0.8834763583037939,,5.458668231964111
Naive Bayes,0.7139275131069067,0.6773495382716668,0.7090379362049881,0.8760778505858123,0.020226240158081055
Gradient Boosting,0.7543499734062761,0.6766637622323574,0.735413943373858,0.8855896019759077,287.86920976638794
Random Forest,0.7316313350049388,0.5868275623356327,0.689174915538614,0.881313140055742,4.935477256774902
